[
    {
      "id": 1,
      "products": [
        {
          "product": "1",
          "quantity": 10
        },
        {
          "product": "2",
          "quantity": 2
        },
        {
          "product": "3",
          "quantity": 10
        }
      ]
    },
    {
      "id": 2,
      "products": []
    },
    {
      "id": 3,
      "products": []
    },
    {
      "id": 4,
      "products": []
    },
    {
      "id": 5,
      "products": []
    },
    {
      "id": 6,
      "products": []
    },
    {
      "id": 7,
      "products": []
    },
    {
      "id": 8,
      "products": []
    },
    {
      "id": 9,
      "products": []
    },
    {
      "id": 10,
      "products": [
        {
          "product": "1",
          "quantity": 10
        },
        {
          "product": "2",
          "quantity": 5
        },
        {
          "product": "3",
          "quantity": 9
        }
      ]
    }
  ]